{
  "train_loss": [
    1.0578591069221497,
    0.9653491401672363,
    0.951935456085205,
    0.9477070960998535,
    0.9417771223068238,
    0.9381788299560547,
    0.9344468835830688,
    0.9343933208465576,
    0.9306164129257202,
    0.9269383367538452,
    0.9267525694847107,
    0.926011912727356,
    0.9193131669044494,
    0.9225432674407958,
    0.921424819278717,
    0.919658487701416,
    0.9191399088859558,
    0.9191051276206971,
    0.9164430258750915,
    0.9162248865127564
  ],
  "test_metrics": [
    {
      "epoch": 5,
      "metrics": {
        "diabetes": {
          "accuracy": 0.8438,
          "f1": 0.7884042264968844,
          "precision": 0.8194874683187835,
          "recall": 0.759592795614722,
          "auc_roc": 0.9234751446879991
        },
        "hypertension": {
          "accuracy": 0.8884,
          "f1": 0.9321663019693655,
          "precision": 0.9113382457808414,
          "recall": 0.9539686489176412,
          "auc_roc": 0.9329135573913818
        },
        "cardiovascular_disease": {
          "accuracy": 0.8825,
          "f1": 0.7792598158932933,
          "precision": 0.7759072203516648,
          "recall": 0.7826415094339623,
          "auc_roc": 0.9435419073289695
        },
        "macro_avg": {
          "accuracy": 0.8715666666666667,
          "f1": 0.833276781453181,
          "auc_roc": 0.9333102031361168,
          "precision": 0.8355776448170967,
          "recall": 0.8320676513221086
        }
      }
    },
    {
      "epoch": 10,
      "metrics": {
        "diabetes": {
          "accuracy": 0.8407,
          "f1": 0.7933584122454275,
          "precision": 0.7885507993811243,
          "recall": 0.7982250065257113,
          "auc_roc": 0.9226589706220919
        },
        "hypertension": {
          "accuracy": 0.8872,
          "f1": 0.9315533980582524,
          "precision": 0.9092632077706705,
          "recall": 0.954963921373476,
          "auc_roc": 0.932656971637525
        },
        "cardiovascular_disease": {
          "accuracy": 0.8796,
          "f1": 0.7635506677140613,
          "precision": 0.7960687960687961,
          "recall": 0.7335849056603774,
          "auc_roc": 0.9438629700936978
        },
        "macro_avg": {
          "accuracy": 0.8691666666666666,
          "f1": 0.8294874926725804,
          "auc_roc": 0.933059637451105,
          "precision": 0.831294267740197,
          "recall": 0.8289246111865216
        }
      }
    },
    {
      "epoch": 15,
      "metrics": {
        "diabetes": {
          "accuracy": 0.8424,
          "f1": 0.7909259750596975,
          "precision": 0.8041543026706232,
          "recall": 0.7781258157139128,
          "auc_roc": 0.9228880739701065
        },
        "hypertension": {
          "accuracy": 0.8866,
          "f1": 0.9307269395235186,
          "precision": 0.914306289006241,
          "recall": 0.9477481960686738,
          "auc_roc": 0.9328842305876851
        },
        "cardiovascular_disease": {
          "accuracy": 0.8818,
          "f1": 0.7774011299435029,
          "precision": 0.7759398496240602,
          "recall": 0.7788679245283019,
          "auc_roc": 0.9443362854575793
        },
        "macro_avg": {
          "accuracy": 0.8702666666666667,
          "f1": 0.8330180148422396,
          "auc_roc": 0.9333695300051237,
          "precision": 0.8314668137669748,
          "recall": 0.8349139787702962
        }
      }
    },
    {
      "epoch": 20,
      "metrics": {
        "diabetes": {
          "accuracy": 0.8421,
          "f1": 0.7903889552635073,
          "precision": 0.8041599135602377,
          "recall": 0.7770817019055077,
          "auc_roc": 0.9226525179005899
        },
        "hypertension": {
          "accuracy": 0.8869,
          "f1": 0.9307452084991733,
          "precision": 0.9164355480525744,
          "recall": 0.9455088330430456,
          "auc_roc": 0.9320393967086512
        },
        "cardiovascular_disease": {
          "accuracy": 0.8829,
          "f1": 0.7667795259908384,
          "precision": 0.8118937157317587,
          "recall": 0.7264150943396226,
          "auc_roc": 0.9446872288538057
        },
        "macro_avg": {
          "accuracy": 0.8706333333333335,
          "f1": 0.829304563251173,
          "auc_roc": 0.933126381154349,
          "precision": 0.844163059114857,
          "recall": 0.8163352097627253
        }
      }
    }
  ]
}